1,51,AZ,1,3170
2,50,AZ,2,4319
3,74,AZ,3,5850
4,59,AZ,1,6298
5,57,AZ,5,5386
6,71,AZ,4,4737
7,73,AZ,3,7525
8,49,AZ,1,2817
9,30,AZ,2,3430
11,20,AZ,2,3316
12,83,AZ,2,2922
13,45,AZ,3,5449
14,29,AZ,1,2493
15,72,AZ,3,5483
16,70,AZ,2,3988
17,30,AZ,1,3461
18,62,AZ,1,2865
19,30,AZ,2,2502
20,43,AZ,2,4566
21,81,AZ,5,4819
22,43,AZ,1,1717
23,52,AZ,2,1870
24,14,AZ,2,1710
25,77,AZ,2,1645
26,42,AZ,2,3207
27,60,AZ,4,5017
29,65,AZ,5,7115
30,67,AZ,5,5198
31,61,AZ,4,8165
32,81,AZ,20,37133
33,72,AZ,1,2650
34,18,AZ,1,2893
35,51,AZ,4,20598
36,18,AZ,2,3571
37,68,AZ,3,14877
38,52,AZ,1,3351
39,18,AZ,3,3460
40,83,AZ,1,995
41,82,AZ,4,7518
42,15,AZ,1,2051
43,63,AZ,4,6950
44,85,AZ,3,5645
45,31,AZ,3,5371
46,78,AZ,7,6350
47,33,AZ,1,1612
48,78,AZ,3,8658
49,52,AZ,10,13659
50,42,AZ,0,3104
51,58,AZ,4,8634
52,76,AZ,11,21478
53,80,AZ,5,9991
54,24,AZ,1,3087
55,80,AZ,7,10689
56,80,AZ,5,9575
57,22,AZ,7,74419
58,29,AZ,2,4694
59,82,AZ,3,4576
60,56,AZ,2,3765
61,33,AZ,3,5520
62,81,AZ,8,11657
63,39,AZ,7,10933
64,10,AZ,3,3609
65,69,AZ,3,3920
66,91,AZ,9,20590
67,80,AZ,4,3029
68,71,AZ,13,30106
69,50,AZ,2,5830
70,48,AZ,2,5806
71,56,AZ,3,18462
72,56,AZ,13,52084
73,59,AZ,1,21194
74,36,AZ,9,30319
75,36,AZ,2,6742
76,62,AZ,6,25418
77,54,AZ,2,3980
78,49,AZ,4,11692
79,31,AZ,2,5036
80,27,AZ,2,3923
82,57,AZ,14,54202
83,45,AZ,2,9083
84,28,AZ,6,25435
85,30,AZ,4,14240
86,30,AZ,3,8713
87,78,AZ,3,9885
88,14,AZ,2,6420
89,76,AZ,4,13449
90,42,AZ,1,6433
91,42,AZ,3,9787
92,83,AZ,3,6784
93,52,AZ,6,24863
94,54,AZ,3,7933
95,54,AZ,6,22721
96,20,AZ,2,7777
97,59,AZ,8,16989
98,41,AZ,6,8252
99,64,AZ,3,15776
100,19,AZ,3,14437
101,59,AZ,5,21761
102,48,AZ,6,26704
103,29,AZ,3,8529
105,84,AZ,2,4941
106,47,AZ,7,16300
107,65,AZ,2,14505
108,70,AZ,5,18919
109,41,AZ,5,21550
110,62,AZ,3,27954
111,81,AZ,1,5910
112,46,AZ,1,9375
113,65,AZ,3,11477
114,19,AZ,3,11390
115,48,AZ,3,17145
116,30,AZ,4,16046
117,44,AZ,7,33507
118,63,AZ,3,15239
119,44,AZ,8,22363
120,43,AZ,3,18235
121,48,AZ,2,5143
122,45,AZ,2,5955
123,34,AZ,8,56695
124,37,AZ,5,12867
125,35,AZ,2,11995
126,38,AZ,3,13227
127,29,AZ,3,5710
128,32,AZ,7,31099
129,88,AZ,2,14300
130,74,AZ,2,5790
131,52,AZ,5,11692
132,82,AZ,1,6823
133,58,AZ,4,17876
134,38,AZ,6,22724
135,31,AZ,1,5719
136,31,AZ,3,10663
137,62,AZ,6,9790
138,72,AZ,10,23979
139,45,AZ,7,15264
140,59,AZ,10,52688
141,53,AZ,1,4526
142,47,AZ,3,13679
143,64,AZ,6,8950
144,59,AZ,1,9603
145,56,AZ,0,2721
146,41,AZ,5,25439
147,77,AZ,5,12042
148,77,AZ,2,4811
149,69,AZ,3,10702
150,44,AZ,3,9955
151,67,AZ,6,18085
152,71,AZ,5,14287
153,57,AZ,5,28150
154,61,AZ,7,20938
155,19,AZ,1,7290
156,51,AZ,1,4072
157,54,AZ,14,60994
158,28,AZ,2,11250
159,41,AZ,3,7396
160,41,AZ,1,6185
161,52,AZ,4,19929
162,38,AZ,3,16486
163,45,AZ,6,57437
164,44,AZ,14,43861
166,56,AZ,11,79230
167,38,AZ,3,20862
168,46,AZ,6,17034
169,32,AZ,3,6204
170,34,AZ,1,2301
171,80,AZ,2,6622
172,56,AZ,14,96424
174,50,AZ,2,4079
175,18,AZ,3,25425
176,55,AZ,9,51359
177,36,AZ,10,33845
178,35,AZ,3,8338
179,35,AZ,1,8445
180,68,AZ,8,46854
181,62,AZ,4,14215
182,55,AZ,3,41169
183,46,AZ,2,18687
184,49,AZ,8,56804
185,55,AZ,3,10578
186,36,AZ,1,6937
187,16,AZ,3,8543
188,28,AZ,2,13663
189,45,AZ,9,70225
190,19,AZ,2,18339
191,19,AZ,2,12506
192,67,AZ,4,19510
193,52,AZ,17,64668
194,34,AZ,1,8152
195,46,AZ,3,18658
196,55,AZ,2,10650
197,43,AZ,3,16762
198,36,AZ,3,18465
199,30,AZ,2,17861
200,16,AZ,4,13677
201,54,AZ,3,11344
202,74,AZ,3,8602
203,33,AZ,3,11554
204,64,AZ,7,20872
205,45,AZ,2,8201
206,69,AZ,2,2499
207,63,AZ,14,124653
208,70,AZ,3,15486
209,47,AZ,2,10915
210,48,AZ,6,26063
211,54,AZ,4,9036
212,67,AZ,2,7652
213,67,AZ,2,10511
214,58,AZ,2,15688
215,44,AZ,6,26176
216,44,AZ,6,29190
217,83,AZ,2,7927
218,62,AZ,6,36841
219,78,AZ,2,10436
220,66,AZ,10,58209
221,73,AZ,3,10814
222,54,AZ,3,21949
223,16,AZ,2,14305
224,26,AZ,5,24737
225,80,AZ,12,58425
226,42,AZ,2,12900
227,40,AZ,1,3299
228,45,AZ,5,14073
229,62,AZ,19,62318
230,36,AZ,4,14828
231,42,AZ,5,39205
232,32,AZ,5,37863
233,19,AZ,2,2485
234,57,AZ,17,46705
235,49,AZ,10,39322
236,73,AZ,4,15442
237,55,AZ,5,21097
238,57,AZ,9,46127
239,25,AZ,3,13214
240,43,AZ,2,10011
241,49,AZ,5,19238
242,84,AZ,5,29846
243,57,AZ,6,39858
244,63,AZ,1,4756
245,54,AZ,4,20033
246,48,AZ,3,17638
247,30,AZ,2,7365
248,76,AZ,8,35903
249,78,AZ,13,337160
250,47,AZ,1,2957
251,32,AZ,10,77113
252,65,AZ,1,7815
253,61,AZ,18,121695
254,54,AZ,16,145352
255,58,AZ,2,10792
256,36,AZ,2,6603
257,39,AZ,2,13855
258,53,AZ,3,25923
259,36,AZ,3,9258
260,22,AZ,1,6833
261,58,AZ,8,22965
262,26,AZ,4,12031
263,74,AZ,14,113218
264,22,AZ,3,18257
265,32,AZ,6,28616
266,56,AZ,4,14075
267,22,AZ,4,13636
268,25,AZ,3,15138
269,48,AZ,5,9957
270,46,AZ,0,5051
271,51,AZ,2,10951
272,22,AZ,3,9839
273,37,AZ,8,30718
274,72,AZ,2,5182
275,22,AZ,4,24522
276,29,AZ,3,14178
277,31,AZ,2,6999
278,61,AZ,4,7516
279,30,AZ,3,11559
280,33,AZ,2,1750
281,32,AZ,1,6448
282,22,AZ,2,11124
283,80,AZ,2,17698
284,54,AZ,1,5769
285,74,AZ,4,16318
286,40,AZ,7,42583
287,28,AZ,5,28277
288,22,AZ,5,17051
289,49,AZ,10,75453
290,50,AZ,1,2920
291,38,AZ,4,10355
292,31,AZ,8,48355
293,36,AZ,1,5977
294,29,AZ,1,3618
295,80,AZ,1,6036
296,22,AZ,3,9693
297,22,AZ,2,10044
298,65,AZ,21,94995
299,23,AZ,4,17294
300,69,AZ,5,14421
301,31,AZ,4,16118
302,49,AZ,12,43402
303,66,AZ,6,18290
304,74,AZ,7,23447
305,31,AZ,3,11628
306,22,AZ,3,8587
307,45,AZ,3,18638
308,54,AZ,2,8169
309,22,AZ,2,7506
310,22,AZ,2,13821
311,46,AZ,2,8054
312,22,AZ,2,7828
313,60,AZ,4,11844
314,25,AZ,21,303947
315,18,AZ,2,9233
316,22,AZ,3,9220
317,66,AZ,4,13980
318,51,AZ,1,8556
319,21,AZ,3,10964
320,49,AZ,3,11988
321,58,AZ,1,3884
322,57,AZ,12,30945
323,35,AZ,3,7166
324,19,AZ,1,3384
325,37,AZ,5,19874
326,64,AZ,1,7068
327,31,AZ,2,8682
328,42,AZ,2,5393
329,32,AZ,2,11706
330,17,AZ,4,12022
331,61,AZ,3,21930
332,68,AZ,1,2503
333,80,AZ,5,16392
334,67,AZ,3,11189
335,75,AZ,3,7443
336,61,AZ,4,21312
337,71,AZ,3,63389
338,22,AZ,2,9478
339,31,AZ,3,8943
340,80,AZ,3,7664
341,66,AZ,11,56020
342,38,AZ,3,7401
343,32,AZ,4,20780
344,82,AZ,5,22076
345,73,AZ,2,4203
346,80,AZ,2,13891
347,79,AZ,5,22215
348,76,AZ,4,16532
349,73,AZ,6,16806
350,30,AZ,4,14257
351,69,AZ,9,89115
352,22,AZ,5,10377
353,25,AZ,3,11418
354,46,AZ,6,16629
355,46,AZ,2,2879
356,22,AZ,1,5405
357,55,AZ,8,129684
358,49,AZ,3,19774
359,36,AZ,3,5594
360,30,AZ,4,16665
361,51,AZ,2,7857
362,71,AZ,15,69522
363,65,AZ,2,7648
364,38,AZ,4,13229
365,54,AZ,12,68938
366,42,AZ,6,24998
367,35,AZ,7,20177
368,33,AZ,2,9521
369,41,AZ,4,21520
370,35,AZ,5,15631
371,91,AZ,2,4723
372,53,AZ,3,10302
373,64,AZ,2,9531
374,42,AZ,4,18249
375,46,AZ,2,10330
376,48,AZ,8,29710
377,49,AZ,2,16074
378,40,AZ,5,10828
379,66,AZ,9,37860
380,31,AZ,2,11212
381,38,AZ,5,10038
382,47,AZ,4,18912
383,30,AZ,2,8862
384,49,AZ,3,13811
385,86,AZ,3,7950
386,45,AZ,6,36057
387,31,AZ,3,15388
388,62,AZ,4,10872
389,31,AZ,2,7223
390,60,AZ,5,16783
391,25,AZ,4,12008
392,33,AZ,2,13605
393,23,AZ,2,15540
394,41,AZ,1,7578
395,46,AZ,6,19560
396,37,AZ,2,12399
397,50,AZ,1,14199
398,60,AZ,7,30313
399,37,AZ,3,15860
400,47,AZ,1,6484
401,60,AZ,3,10659
402,23,AZ,3,22028
403,72,AZ,8,56086
404,81,AZ,3,9913
405,66,AZ,3,10326
406,32,AZ,7,34897
407,21,AZ,6,24394
408,68,AZ,6,28859
409,37,AZ,4,19458
410,46,AZ,2,10471
411,50,AZ,6,23611
412,38,AZ,2,9095
413,35,AZ,7,39905
414,50,AZ,12,40979
415,53,AZ,5,18275
416,58,AZ,2,10160
417,52,AZ,2,3937
418,41,AZ,5,23185
419,52,AZ,4,10410
420,62,AZ,16,61666
421,44,AZ,4,8860
422,18,AZ,3,12350
423,95,AZ,7,25168
424,43,AZ,3,21442
425,47,AZ,14,83388
426,51,AZ,4,15508
427,73,AZ,6,23268
428,60,AZ,3,15845
429,36,AZ,1,6306
430,28,AZ,8,38956
431,71,AZ,1,8233
432,64,AZ,5,23227
433,42,AZ,7,49980
434,20,AZ,0,7415
435,53,AZ,4,12788
436,62,AZ,11,53879
437,77,AZ,1,5702
438,49,AZ,4,10816
439,32,AZ,2,12049
440,49,AZ,1,8896
441,40,AZ,11,33655
442,77,AZ,5,14228
443,53,AZ,4,20848
444,92,AZ,4,9865
445,33,AZ,1,11507
446,43,AZ,3,10156
447,50,AZ,6,27330
448,79,AZ,4,23946
449,25,AZ,4,14300
450,22,AZ,1,7530
451,37,AZ,1,5281
452,18,AZ,3,21625
453,55,AZ,3,8010
454,72,AZ,5,24444
455,31,AZ,2,12541
456,31,AZ,4,17765
457,70,AZ,4,16890
458,58,AZ,1,6056
459,70,AZ,3,10822
460,55,AZ,2,9343
461,28,AZ,2,9928
462,34,AZ,3,23335
463,46,AZ,2,7942
464,54,AZ,3,10053
465,50,AZ,3,13877
466,16,AZ,2,5120
467,56,AZ,8,53350
468,51,AZ,5,19500
469,42,AZ,8,42032
470,49,AZ,3,16414
471,38,AZ,2,5773
472,70,AZ,5,16462
473,50,AZ,2,7051
474,50,AZ,4,12287
475,48,AZ,1,8136
476,88,AZ,0,7289
477,28,AZ,5,26184
478,33,AZ,1,3481
479,67,AZ,7,37039
480,46,AZ,3,13269
481,32,AZ,1,9780
482,62,AZ,4,13892
483,57,AZ,5,17869
484,38,AZ,1,4982
485,59,AZ,8,49080
486,28,AZ,4,19670
487,42,AZ,1,13033
488,25,AZ,3,6211
489,81,AZ,12,71159
490,54,AZ,5,21350
491,20,AZ,1,2623
492,67,AZ,2,13224
493,50,AZ,1,5318
494,63,AZ,3,19229
495,21,AZ,1,5804
496,81,AZ,11,67813
497,38,AZ,2,10095
498,78,AZ,7,39451
499,56,AZ,6,27487
500,59,AZ,1,13765
501,26,AZ,4,19666
502,71,AZ,1,5240
503,28,AZ,1,4316
504,31,AZ,1,2859
505,33,AZ,2,9303
506,28,AZ,8,36192
507,80,AZ,2,10500
508,43,AZ,1,10355
509,58,AZ,4,31315
510,28,AZ,4,16621
511,53,AZ,12,81593
512,70,AZ,3,9047
513,49,AZ,6,17605
514,39,AZ,1,5692
515,78,AZ,12,76936
516,47,AZ,2,12877
517,63,AZ,2,8784
518,43,AZ,6,16643
519,56,AZ,3,10871
520,49,AZ,6,29668
521,42,AZ,6,27367
522,39,AZ,2,9296
523,84,AZ,4,12025
524,73,AZ,4,35499
525,18,AZ,2,13987
526,28,AZ,13,51191
527,48,AZ,2,6518
528,58,AZ,5,16701
529,51,AZ,2,8527
530,22,AZ,7,36129
531,81,AZ,5,26123
532,57,AZ,6,16952
533,62,AZ,2,5385
534,61,AZ,3,21197
535,19,AZ,2,10282
536,59,AZ,5,23614
537,61,AZ,4,6792
538,32,AZ,5,48790
539,22,AZ,8,47483
540,55,AZ,1,7782
541,42,AZ,4,14721
542,59,AZ,4,14081
543,61,AZ,6,17218
544,32,AZ,2,16594
545,43,AZ,2,9402
546,83,AZ,2,13252
547,28,AZ,2,14888
548,24,AZ,4,11751
549,20,AZ,2,11438
550,49,AZ,3,6660
551,19,AZ,2,6102
552,49,AZ,2,11646
553,51,AZ,7,38499
554,64,AZ,3,23860
555,83,AZ,2,17215
556,31,AZ,1,11260
557,54,AZ,5,37912
558,75,AZ,3,11706
559,49,AZ,4,16508
560,27,AZ,3,8941
561,43,AZ,3,19171
562,54,AZ,14,71199
563,33,AZ,12,44474
564,75,AZ,3,23134
565,77,AZ,3,10662
566,66,AZ,3,25665
567,34,AZ,17,96476
568,34,AZ,2,11955
569,32,AZ,3,25638
570,39,AZ,4,13863
571,47,AZ,1,17349
572,50,AZ,13,44336
573,50,AZ,8,57712
574,53,AZ,3,29155
575,25,AZ,3,19468
576,58,AZ,6,15399
577,73,AZ,3,17629
578,60,AZ,5,31894
579,17,AZ,4,15822
580,22,AZ,4,18637
581,22,AZ,4,22206
582,63,AZ,6,18515
583,66,AZ,2,13505
584,44,AZ,5,11394
585,57,AZ,1,4328
586,53,AZ,16,116573
587,48,AZ,4,12462
588,68,AZ,5,16093
589,40,AZ,6,28893
590,49,AZ,1,3954
591,25,AZ,5,27014
592,55,AZ,3,15537
593,51,AZ,2,9195
594,39,AZ,2,18952
595,80,AZ,2,15287
596,72,AZ,4,12288
597,52,AZ,2,13405
598,34,AZ,4,18720
599,61,AZ,2,10285
600,61,AZ,2,7439
601,25,AZ,2,17740
602,53,AZ,4,18495
603,41,AZ,2,5954
604,41,AZ,3,9935
605,77,AZ,4,16866
606,47,AZ,2,13096
607,20,AZ,3,12224
608,31,AZ,2,9443
609,31,AZ,2,8617
610,31,AZ,2,11207
611,31,AZ,1,8408
612,31,AZ,6,24413
613,31,AZ,5,16024
614,86,AZ,2,8543
615,18,AZ,1,4521
616,33,AZ,1,8680
617,46,AZ,2,6390
618,60,AZ,7,19169
619,42,AZ,3,15782
620,24,AZ,3,15627
621,64,AZ,5,20827
622,64,AZ,3,9053
623,23,AZ,2,16210
624,85,AZ,4,21792
625,56,AZ,4,21558
626,75,AZ,3,20062
627,75,AZ,5,25722
628,20,AZ,0,8910
629,20,AZ,3,12983
630,67,AZ,4,8788
631,85,AZ,7,40999
632,56,AZ,1,14174
633,72,AZ,4,11861
634,37,AZ,5,22307
635,32,AZ,2,12212
636,73,AZ,6,13925
637,78,AZ,3,11785
638,69,AZ,24,115952
639,57,AZ,3,9787
640,87,AZ,2,11036
641,52,AZ,2,8926
642,81,AZ,0,7929
643,33,AZ,2,6212
644,23,AZ,1,8839
645,22,AZ,2,12147
646,38,AZ,3,7353
647,48,AZ,1,5879
648,54,AZ,5,29100
649,85,AZ,3,7303
650,62,AZ,8,35544
651,25,AZ,2,16025
652,67,AZ,9,23692
653,63,AZ,3,16973
654,24,AZ,7,40391
655,22,AZ,0,3763
656,24,AZ,4,16506
657,42,AZ,9,59393
658,53,AZ,3,17431
659,46,AZ,9,38427
660,68,AZ,1,6379
661,55,AZ,7,25735
662,49,AZ,3,11569
663,46,AZ,1,4982
664,62,AZ,3,22019
665,43,AZ,2,14814
666,44,AZ,1,8980
667,70,AZ,1,6284
668,57,AZ,3,15565
669,28,AZ,4,18835
670,28,AZ,3,14998
671,61,AZ,2,7483
672,18,AZ,1,8585
673,68,AZ,6,21304
674,62,AZ,3,5911
675,34,AZ,12,52643
676,55,AZ,2,18581
677,55,AZ,3,3702
678,56,AZ,2,15540
679,63,AZ,12,65532
680,80,AZ,2,8931
681,61,AZ,6,42833
682,17,AZ,1,9108
683,52,AZ,1,3926
684,29,AZ,0,4094
685,18,AZ,2,11836
686,18,AZ,2,11037
687,18,AZ,1,5045
688,91,AZ,5,20718
689,52,AZ,2,10156
690,76,AZ,5,42774
691,70,AZ,3,21238
692,26,AZ,8,44099
693,50,AZ,2,11521
694,35,AZ,3,16915
695,57,AZ,7,39686
696,75,AZ,1,5997
697,28,AZ,1,5202
698,50,AZ,2,17604
699,70,AZ,5,21087
700,27,AZ,3,12302
701,35,AZ,4,21603
702,86,AZ,4,9779
703,44,AZ,2,4301
704,78,AZ,2,5868
705,70,AZ,7,34512
706,23,AZ,8,15294
707,30,AZ,2,6456
708,38,AZ,4,16174
709,42,AZ,6,31874
710,46,AZ,3,9839
711,32,AZ,1,8670
712,53,AZ,1,5740
713,31,AZ,5,22983
714,31,AZ,6,27211
715,42,AZ,3,16915
716,65,AZ,3,6916
717,61,AZ,2,7028
718,77,AZ,1,7258
719,28,AZ,2,12106
720,61,AZ,3,20780
721,55,AZ,3,17499
722,75,AZ,5,17941
723,75,AZ,5,22313
724,75,AZ,2,11589
725,21,AZ,3,9441
726,21,AZ,0,10410
727,38,AZ,3,19882
728,56,AZ,4,28892
729,61,AZ,3,9384
730,33,AZ,3,7926
731,46,AZ,3,3620
732,37,AZ,1,3347
733,52,AZ,14,90609
734,53,AZ,6,39490
735,39,AZ,2,5780
736,80,AZ,2,5839
737,46,AZ,2,5198
738,57,AZ,1,9046
739,77,AZ,3,14263
740,20,AZ,4,15538
741,25,AZ,7,30385
742,25,AZ,2,7662
743,25,AZ,5,13490
744,37,AZ,3,7512
745,50,AZ,1,6111
746,54,AZ,1,7222
747,30,AZ,5,16327
748,55,AZ,15,48183
749,85,AZ,7,38775
750,50,AZ,28,108576
751,52,AZ,4,18148
752,69,AZ,5,27460
753,73,AZ,5,13742
754,63,AZ,4,14639
755,72,AZ,11,45150
756,37,AZ,1,5599
757,66,AZ,13,84748
758,53,AZ,4,26697
759,49,AZ,5,25485
760,50,AZ,8,39521
761,50,AZ,9,62008
762,65,AZ,3,23633
763,46,AZ,2,7000
764,22,AZ,1,4682
765,28,AZ,5,24183
766,53,AZ,5,20512
767,44,AZ,0,9785
768,18,AZ,2,14004
769,69,AZ,5,28510
770,64,AZ,2,6740
771,21,AZ,2,12241
772,44,AZ,1,4211
773,43,AZ,4,24541
774,79,AZ,2,9207
775,58,AZ,6,26206
776,51,AZ,1,11592
777,30,AZ,4,24936
778,66,AZ,22,107604
779,66,AZ,15,65814
780,54,AZ,13,57958
781,71,AZ,4,24127
782,39,AZ,9,29777
783,39,AZ,6,8671
784,87,AZ,1,9871
785,48,AZ,2,5206
786,61,AZ,7,34066
787,71,AZ,6,24680
788,61,AZ,1,4424
789,18,AZ,2,21167
790,18,AZ,1,6075
791,18,AZ,3,13669
792,22,AZ,0,5521
793,43,AZ,2,6791
794,55,AZ,3,13909
795,38,AZ,2,12627
796,58,AZ,9,64284
797,58,AZ,9,31219
798,78,AZ,4,11169
799,70,AZ,7,18240
800,45,AZ,5,17730
801,81,AZ,0,6046
802,25,AZ,2,14098
803,37,AZ,4,16500
804,72,AZ,6,17046
805,47,AZ,6,18964
806,67,AZ,5,29829
807,36,AZ,7,26694
808,62,AZ,16,110783
809,32,AZ,4,22937
810,35,AZ,2,10036
811,37,AZ,2,5641
812,47,AZ,6,21476
813,19,AZ,1,7195
814,81,AZ,2,21397
815,38,AZ,1,25146
816,81,AZ,6,25410
817,48,AZ,9,36985
818,48,AZ,17,95078
819,63,AZ,9,50094
820,31,AZ,2,9805
821,46,AZ,3,17709
822,51,AZ,2,16834
823,28,AZ,3,17893
824,55,AZ,2,5030
825,69,AZ,3,18881
826,37,AZ,7,21293
827,60,AZ,6,20060
828,37,AZ,5,28967
829,53,AZ,4,17520
830,76,AZ,3,17690
831,21,AZ,3,27334
832,47,AZ,9,31451
833,43,AZ,4,14843
834,40,AZ,7,12141
835,53,AZ,3,11332
836,44,AZ,4,24541
837,64,AZ,1,2668
838,41,AZ,5,18413
839,53,AZ,14,85620
840,30,AZ,3,12514
841,76,AZ,5,15355
842,38,AZ,5,16121
843,23,AZ,2,8115
844,72,AZ,3,19111
845,63,AZ,3,12123
846,60,AZ,8,27809
847,52,AZ,23,130049
848,81,AZ,6,27482
849,51,AZ,5,29509
850,40,AZ,9,29986
851,25,AZ,6,20553
852,25,AZ,4,15065
853,21,AZ,2,7787
854,71,AZ,3,18592
855,51,AZ,9,30925
856,26,AZ,7,45712
857,50,AZ,0,4241
858,50,AZ,1,8041
859,42,AZ,2,12534
860,62,AZ,4,9018
861,36,AZ,5,19490
862,31,AZ,2,13803
863,75,AZ,4,16450
864,50,AZ,4,24367
865,54,AZ,2,10822
866,67,AZ,10,56974
867,44,AZ,2,10149
868,29,AZ,4,19968
869,29,AZ,10,31123
870,56,AZ,6,23115
871,48,AZ,9,35140
872,44,AZ,3,35593
873,74,AZ,2,19055
874,18,AZ,3,12155
875,57,AZ,2,13594
876,68,AZ,1,4053
877,67,AZ,7,37046
878,74,AZ,2,16638
879,25,AZ,7,32238
880,55,AZ,6,50458
881,52,AZ,2,43946
882,63,AZ,11,69054
883,68,AZ,2,15442
884,68,AZ,2,7584
885,56,AZ,3,9205
886,74,AZ,8,26525
887,92,AZ,3,20295
888,51,AZ,2,13408
889,63,AZ,1,14454
890,34,AZ,8,60895
891,45,AZ,3,11140
892,39,AZ,10,54898
893,45,AZ,4,14021
894,19,AZ,7,28705
895,48,AZ,9,43089
896,25,AZ,3,14754
897,27,AZ,5,22377
898,54,AZ,15,86822
899,47,AZ,2,6754
900,30,AZ,2,14476
901,76,AZ,4,16345
902,20,AZ,2,10874
903,90,AZ,12,40468
904,24,AZ,1,5176
905,28,AZ,3,16380
906,39,AZ,2,10113
907,47,AZ,4,12698
908,81,AZ,1,16471
909,26,AZ,1,10183
910,42,AZ,2,11635
911,61,AZ,1,9758
912,53,AZ,9,56827
913,48,AZ,3,13581
914,66,AZ,4,14826
915,47,AZ,2,13425
916,35,AZ,1,5313
917,75,AZ,4,22629
918,38,AZ,3,12195
919,73,AZ,7,37267
920,29,AZ,2,12270
921,70,AZ,2,15343
922,82,AZ,4,13942
923,76,AZ,2,12053
924,76,AZ,8,31640
925,21,AZ,2,16768
926,31,AZ,3,11547
927,64,AZ,6,28903
928,60,AZ,6,16476
929,81,AZ,3,6799
930,87,AZ,6,16888
931,20,AZ,1,5076
932,48,AZ,6,33788
933,53,AZ,5,21134
934,19,AZ,3,12588
935,62,AZ,6,25673
936,29,AZ,1,5736
937,23,AZ,3,17667
938,42,AZ,2,14970
939,81,AZ,2,10281
940,62,AZ,1,20799
941,41,AZ,10,29812
942,84,AZ,1,6310
943,89,AZ,3,8474
944,62,AZ,6,19903
945,40,AZ,3,28844
946,27,AZ,1,8608
947,25,AZ,6,35754
948,25,AZ,4,19536
949,25,AZ,4,16619
950,27,AZ,2,12468
951,18,AZ,2,11308
952,47,AZ,9,50802
953,47,AZ,3,16521
954,45,AZ,1,11239
955,26,AZ,4,22353
956,36,AZ,6,44104
957,43,AZ,2,10984
958,57,AZ,2,5296
959,59,AZ,4,14945
960,37,AZ,3,3813
961,78,AZ,5,13128
962,48,AZ,4,26319
963,76,AZ,8,27252
964,49,AZ,7,22710
965,76,AZ,5,9950
966,73,AZ,4,12864
967,51,AZ,7,20697
968,83,AZ,1,3224
969,76,AZ,1,18064
970,75,AZ,2,6558
971,29,AZ,4,11313
972,34,AZ,2,7405
973,61,AZ,8,27873
974,32,AZ,7,25224
975,87,AZ,4,8508
976,65,AZ,6,31029
977,38,AZ,2,7162
978,48,AZ,0,5090
979,72,AZ,3,12389
980,93,AZ,3,13904
981,74,AZ,6,31877
982,65,AZ,8,13551
983,46,AZ,6,28966
984,81,AZ,3,6950
985,80,AZ,6,11066
986,51,AZ,5,12641
987,43,AZ,22,63852
988,35,AZ,5,10233
989,64,AZ,2,6270
990,68,AZ,33,149128
991,72,AZ,5,26057
992,49,AZ,13,40163
993,66,AZ,2,16930
994,72,AZ,3,4237
995,74,AZ,3,5744
996,35,AZ,3,14522
997,36,AZ,13,28026
998,79,AZ,7,29864
999,86,AZ,2,10749
1000,59,AZ,6,9011
1001,56,AZ,5,20395
1002,66,AZ,7,16786
1003,36,AZ,3,4696
1004,70,AZ,2,9002
1005,58,AZ,16,76037
1006,25,AZ,3,9758
1007,52,AZ,3,7063
1008,66,AZ,12,23483
1009,58,AZ,13,54266
1010,81,AZ,3,11039
1011,73,AZ,14,44091
1012,85,AZ,1,2386
1013,45,AZ,3,19930
1014,80,AZ,9,24784
1015,65,AZ,5,9066
1016,84,AZ,1,4373
1017,64,AZ,3,6464
1018,59,AZ,3,9311
1019,68,AZ,12,30720
1020,74,AZ,3,25658
1021,66,AZ,12,26840
1022,80,AZ,3,26459
1023,73,AZ,2,18236
1024,30,AZ,2,3815
1025,70,AZ,1,22544
1026,48,AZ,8,38467
1027,80,AZ,3,5037
1028,43,AZ,2,8400
1029,75,AZ,1,26770
1030,64,AZ,6,40263
1031,62,AZ,4,11517
1032,59,AZ,2,7311
1033,29,AZ,5,20342
1034,43,AZ,2,8822
1035,41,AZ,1,5922
1036,81,AZ,14,58094
1037,83,AZ,1,4556
1038,52,AZ,5,18601
1039,26,AZ,4,7792
1040,75,AZ,10,30717
1041,83,AZ,4,45975
1042,18,AZ,5,13998
1043,39,AZ,3,9706
1044,43,AZ,19,64164
1045,43,AZ,4,14753
1046,49,AZ,6,14126
1047,49,AZ,3,11337
1048,39,AZ,4,13191
1049,45,AZ,14,55647
1050,61,AZ,7,40648
1051,67,AZ,4,15545
1052,92,AZ,3,10383
1053,66,AZ,1,7471
1054,47,AZ,3,14370
1055,66,AZ,2,6732
1056,62,AZ,32,243997
1057,49,AZ,1,4113
1058,45,AZ,3,18198
1059,61,AZ,14,55874
1060,76,AZ,2,8334
1061,76,AZ,6,11271
1062,56,AZ,7,29066
1063,83,AZ,2,9963
1064,44,AZ,5,17255
1065,79,AZ,3,13661
1066,30,AZ,2,12816
1067,32,AZ,2,4379
1068,76,AZ,5,40786
1069,47,AZ,6,16936
1070,29,AZ,8,21080
1071,36,AZ,4,7505
1072,85,AZ,16,30829
1073,39,AZ,13,35437
1074,20,AZ,2,7325
1075,18,AZ,2,5838
1076,67,AZ,7,11192
1077,20,AZ,4,12574
1078,40,AZ,3,11653
1079,25,AZ,2,7383
1080,71,AZ,3,4779
1081,83,AZ,2,5762
1082,53,AZ,3,17936
1083,69,AZ,3,9312
1084,62,AZ,3,9783
1085,78,AZ,4,18298
1086,45,AZ,4,14844
1087,59,AZ,5,30747
1088,69,AZ,4,13509
1089,59,AZ,2,9339
1090,64,AZ,6,19815
1091,50,AZ,15,67176
1092,59,AZ,2,8077
1093,43,AZ,3,7555
1094,66,AZ,9,23851
1095,39,AZ,7,17918
1096,66,AZ,6,12534
1097,52,AZ,3,6043
1098,36,AZ,2,4338
1099,25,AZ,6,14852
1100,66,AZ,3,13453
1101,32,AZ,5,18809
1102,49,AZ,7,45084
1103,58,AZ,2,6026
1104,40,AZ,2,8170
1105,46,AZ,1,5785
1106,25,AZ,5,15387
1107,39,AZ,5,22985
1108,46,AZ,2,6848
1109,77,AZ,6,17752
1110,54,AZ,7,15980
1111,50,AZ,3,9804
1112,68,AZ,7,14299
1113,84,AZ,4,10542
1114,63,AZ,3,14981
1115,36,AZ,8,30767
1116,66,AZ,10,29218
1117,70,AZ,6,27431
1118,58,AZ,5,13512
1119,62,AZ,11,45385
1120,60,AZ,11,49253
1121,83,AZ,3,8181
1122,83,AZ,2,4679
1123,67,AZ,4,15261
1124,59,AZ,2,8900
1125,41,AZ,4,9697
1126,69,AZ,2,7908
1127,33,AZ,2,7639
1128,67,AZ,6,19655
1129,55,AZ,8,26830
1130,83,AZ,5,21659
1131,63,AZ,4,14061
1132,54,AZ,2,12397
1133,32,AZ,7,25329
1134,43,AZ,4,19998
1135,78,AZ,4,14261
1136,72,AZ,5,7680
1137,45,AZ,3,10480
1138,44,AZ,20,116812
1139,72,AZ,4,14773
1140,20,AZ,3,12174
1141,41,AZ,2,7080
1142,40,AZ,2,7680
1143,77,AZ,2,4129
1144,53,AZ,1,9742
1145,44,AZ,6,18976
1146,71,AZ,4,36954
1147,61,AZ,9,20578
1148,39,AZ,4,8121
1149,25,AZ,3,12029
1150,60,AZ,19,84623
1151,78,AZ,6,34481
1152,78,AZ,1,4038
1153,76,AZ,5,12224
1154,52,AZ,6,34903
1155,42,AZ,3,9826
1156,72,AZ,3,7757
1157,82,AZ,25,83052
1158,67,AZ,1,10361
1159,64,AZ,28,72615
1160,54,AZ,7,18094
1161,32,AZ,3,6193
1162,60,AZ,2,4638
1163,59,AZ,5,9759
1164,63,AZ,8,21450
1165,65,AZ,3,12648
1166,75,AZ,3,7798
1167,81,AZ,1,3996
1168,49,AZ,2,6559
1169,65,AZ,4,16143
1170,67,AZ,4,9968
1171,84,AZ,2,6708
1172,25,AZ,1,8737
1173,68,AZ,2,5817
1174,24,AZ,7,15675
1175,20,AZ,3,11249
1176,71,AZ,9,23894
1177,66,AZ,2,5848
1178,83,AZ,1,4672
1179,83,AZ,4,6610
1180,81,AZ,1,2259
1181,67,AZ,2,9992
1182,65,AZ,3,8720
1183,71,AZ,4,10945
1184,81,AZ,4,22945
1185,71,AZ,3,9639
1186,81,AZ,2,4197
1187,66,AZ,0,3460
1188,48,AZ,2,5118
1189,46,AZ,1,4823
1190,29,AZ,2,7213
1191,90,AZ,0,4437
1192,30,AZ,2,4564
1193,51,AZ,1,3433
1194,74,AZ,1,4166
1195,34,AZ,1,2771
1196,74,AZ,1,3271
1197,29,AZ,3,8973
1198,36,AZ,1,1941
1199,61,AZ,2,3993
1200,69,AZ,2,8069
1201,72,AZ,1,4034
1202,82,AZ,2,7040
1203,82,AZ,0,511
1204,71,AZ,2,3643
1205,64,AZ,2,4370
1206,83,AZ,1,2121
1207,70,AZ,3,7650
1208,47,AZ,2,5808
1209,61,AZ,7,23289
1210,83,AZ,3,2888
1211,72,AZ,3,9134
1212,83,AZ,2,5263
1213,88,AZ,2,20125
1214,62,AZ,3,8867
1215,67,AZ,12,68493
1216,28,AZ,1,3327
1217,65,AZ,3,14396
1218,75,AZ,6,21203
1219,65,AZ,5,19938
1220,59,AZ,1,6247
1221,87,AZ,3,15699
1222,55,AZ,2,10835
1223,71,AZ,6,46465
1224,59,AZ,5,12247
1225,60,AZ,1,8383
1226,78,AZ,1,4482
1227,71,AZ,1,5664
1228,63,AZ,0,5548
1229,36,CA,4,23683
1230,59,CA,4,16233
1231,67,CA,1,17160
1232,38,CA,4,27722
1233,73,CA,2,10795
1234,33,CA,3,11222
1235,48,CA,3,19750
1236,75,CA,1,7392
1237,55,CA,4,27198
1238,33,CA,1,5851
1239,42,CA,4,16790
1240,81,CA,4,16450
1241,68,CA,6,39753
1242,50,CA,4,30199
1243,22,CA,1,13047
1244,36,CA,5,19646
1245,46,CA,15,96175
1246,32,CA,4,23723
1247,48,CA,5,33218
1248,77,CA,5,21445
1249,69,CA,10,95265
1250,67,CA,1,
1251,40,CA,2,12232
1252,97,CA,17,118867
1253,69,CA,15,25732
1254,52,CA,1,9422
1255,66,CA,2,13006
1256,74,CA,1,15479
1257,50,CA,8,50047
1258,55,CA,3,19015
1259,78,CA,4,46852
1260,75,CA,1,25420
1261,75,CA,6,27863
1262,77,CA,13,110582
1263,41,CA,0,15572
1264,91,CA,1,6068
1265,81,CA,3,13411
1266,41,CA,4,51424
1267,97,CA,53,136613
1268,81,CA,4,28360
1269,73,CA,2,6532
1270,27,CA,2,19574
1271,75,CA,9,57055
1272,94,CA,1,6622
1273,64,CA,13,92581
1274,48,CA,1,28975
1275,81,CA,35,51352
1276,57,CA,9,103539
1277,70,CA,2,15134
1278,79,CA,0,7070
1279,79,CA,0,6386
1280,49,CA,6,33927
1281,64,CA,3,12417
1282,49,CA,8,44417
1283,88,CA,3,18578
1284,52,CA,0,13139
1285,73,CA,4,22337
1286,23,CA,1,13222
1287,73,CA,8,35098
1288,60,CA,6,37995
1289,60,CA,18,105491
1290,21,CA,7,45783
1291,21,CA,1,8539
1292,65,CA,7,73880
1293,85,CA,3,19314
1294,74,CA,2,10949
1295,60,CA,11,69854
1296,44,CA,8,51947
1297,50,CA,8,49538
1298,74,CA,3,15153
1299,50,CA,3,10471
1300,90,CA,2,18294
1301,80,CA,3,15027
1302,78,CA,2,10433
1303,61,CA,1,8140
1304,92,CA,3,17299
1305,75,CA,2,19114
1306,83,CA,1,27915
1307,44,CA,1,6481
1308,47,CA,13,82699
1309,66,CA,6,31363
1310,51,CA,4,19645
1311,21,CA,4,16385
1312,70,CA,3,17977
1313,21,CA,1,15020
1314,71,CA,2,16310
1315,38,CA,5,36901
1316,65,CA,12,61602
1317,56,CA,2,15772
1318,46,CA,11,119752
1319,64,CA,27,154319
1320,29,CA,6,22199
1321,66,CA,5,29859
1322,29,CA,4,24425
1323,35,CA,1,12116
1324,53,CA,0,10739
1325,48,CA,3,
1326,30,CA,4,
1327,24,CA,4,
1328,56,CA,1,
1329,77,CA,1,
1330,48,CA,1,
1331,65,CA,3,
1332,56,CA,1,
1333,30,CA,5,
1334,39,CA,1,
1335,79,CA,10,
1336,76,CA,14,
1337,23,CA,3,
1338,12,CA,2,
1339,29,CA,5,
1340,48,CA,29,
1341,64,CA,13,
1342,54,CA,4,
1343,47,CA,1,
1344,72,CA,4,
1345,27,CA,2,
1346,82,CA,1,
1347,74,CA,8,
1348,20,CA,2,
1349,48,CA,2,
1350,63,CA,3,
1351,90,CA,26,
1352,41,CA,3,
1353,30,CA,4,
1354,45,CA,3,
1355,20,CA,1,
1356,70,CA,1,
1357,56,CA,4,
1358,43,CA,2,
1359,58,CA,1,
1360,39,CA,5,
1361,27,CA,3,
1362,48,CA,31,
1363,20,CA,3,
1364,32,CA,3,
1365,29,CA,3,
1366,79,CA,7,
1367,23,CA,3,
1368,29,CA,1,
1369,49,CA,2,
1370,46,CA,6,
1371,30,CA,0,
1372,81,CA,9,
1373,34,CA,3,
1374,21,CA,3,
1375,28,CA,1,
1376,74,CA,2,
1377,39,CA,10,
1378,27,CA,3,
1379,70,CA,4,
1380,47,CA,5,
1381,23,CA,2,
1382,75,CA,6,
1383,59,CA,1,
1384,61,CA,21,
1385,60,CA,16,
1386,82,CA,5,
1387,22,CA,1,
1388,60,CA,3,
1389,19,CA,2,
1390,76,CA,10,
1391,76,CA,3,
1392,73,CA,14,
1393,56,CA,6,
1394,61,CA,6,
1395,56,CA,1,
1396,42,CA,1,
1397,12,CA,3,
1398,8,CA,5,
1399,61,CA,1,
1400,75,CA,2,
1401,48,CA,1,
1402,53,CA,12,
1403,48,CA,1,
1404,55,CA,6,
1405,50,CA,2,
1406,9,CA,2,
1407,52,CA,58,
1408,60,CA,3,
1409,50,CA,3,
1410,17,CA,3,
1411,70,CA,23,
1412,70,CA,6,
1413,30,CA,52,
1414,7,CA,3,
1415,26,CA,1,
1416,28,CA,2,
1417,52,CA,9,
1418,74,CA,4,
1419,63,CA,3,
1420,60,CA,5,
1421,78,CA,6,
1422,56,CA,14,
1423,63,CA,3,
1424,40,CA,7,
1425,18,CA,2,
1426,60,CA,2,
1427,65,CA,3,
1428,48,CA,24,
1429,63,CA,21,
1430,30,CA,8,
1431,4,CA,4,
1432,38,CA,14,
1433,51,CA,1,
1434,60,CA,7,
1435,76,CA,8,
1436,9,CA,2,
1437,72,CA,5,
1438,48,CA,5,
1439,66,CA,4,
1440,86,CA,2,
1441,56,CA,7,
1442,28,CA,2,
1443,16,CA,2,
1444,81,CA,5,
1445,24,CA,3,
1446,44,CA,1,
1447,59,CA,10,
1448,73,CA,1,
1449,61,CA,4,
1450,50,CA,15,
1451,11,CA,3,
1452,23,CA,2,
1453,46,CA,3,
1454,69,CA,1,
1455,51,CA,6,
1456,33,CA,2,
1457,78,CA,5,
1458,62,CA,1,
1459,23,CA,2,
1460,63,CA,8,
1461,81,CA,3,
1462,72,CA,5,
1463,46,CA,1,
1464,54,CA,1,
1465,67,CA,5,
1466,35,CA,1,
1467,78,CA,6,
1468,44,CA,4,
1469,51,CA,4,
1470,82,CA,1,
1471,28,CA,6,
1472,36,CA,1,
1473,20,CA,2,
1474,74,CA,6,
1475,53,CA,13,
1476,78,CA,12,
1477,67,CA,3,
1478,65,CA,13,
1479,60,CA,3,
1480,43,CA,2,
1481,65,CA,2,
1482,16,CA,2,
1483,47,CA,1,
1484,82,CA,5,
1485,46,CA,2,
1486,75,CA,1,
1487,7,CA,5,
1488,37,CA,6,
1489,77,CA,7,
1490,78,CA,3,
1491,81,CA,14,
1492,59,CA,8,
1493,82,CA,3,
1494,28,CA,2,
1495,60,CA,1,
1496,80,CA,2,
1497,66,CA,1,
1498,75,CA,2,
1499,55,CA,2,
1500,37,CA,1,
1501,57,CA,3,
1502,44,CA,1,
1503,55,CA,5,
1504,58,CA,3,
1505,55,CA,5,
1506,55,CA,1,
1507,44,CA,5,
1508,57,CA,2,
1509,16,CA,1,
1510,76,CA,6,
1511,28,CA,2,
1512,58,CA,7,
1513,70,CA,4,
1514,58,CA,3,
1515,46,CA,6,
1516,61,CA,1,
1517,72,CA,3,
1518,12,CA,1,
1519,9,CA,1,
1520,53,CA,27,
1521,62,CA,2,
1522,22,CA,2,
1523,28,CA,3,
1524,56,CA,4,
1525,40,CA,5,24753
1526,81,CA,3,17180
1527,40,CA,3,17354
1528,77,CA,7,24745
1529,52,CA,3,28773
1530,59,CA,3,41860
1531,64,CA,2,12565
1532,85,CA,2,12166
1533,38,CA,8,71302
1534,78,CA,5,22076
1535,41,CA,10,52585
1536,38,CA,4,32328
1537,41,CA,4,24981
1538,58,CA,4,18105
1539,78,CA,7,18073
1540,80,CA,6,23963
1541,61,CA,4,32717
1542,77,CA,3,13520
1543,78,CA,1,12357
1544,35,CA,3,42502
1545,91,CA,3,24175
1546,47,CA,3,20877
1547,18,CA,2,28999
1548,19,CA,1,15984
1549,51,CA,8,22287
1550,78,CA,3,7844
1551,43,CA,2,4955
1552,78,CA,2,9288
1553,78,CA,7,20269
1554,89,CA,5,12404
1555,60,CA,1,2625
1556,49,CA,3,15410
1557,36,CA,2,8282
1558,85,CA,15,48388
1559,61,CA,3,10293
1560,18,CA,1,5133
1561,54,CA,1,5252
1562,17,CA,3,11570
1563,25,CA,1,4685
1564,88,CA,3,9659
1565,51,CA,2,5896
1566,16,CA,3,15974
1567,,CA,2,5619
1568,18,CA,2,10621
1569,71,CA,3,5186
1570,44,CA,7,16261
1571,58,CA,1,1773
1572,89,CA,1,5695
1573,85,CA,2,7309
1574,32,CA,1,6041
1575,85,CA,1,4863
1576,85,CA,4,14655
1577,77,CA,1,3389
1578,45,CA,4,25419
1579,35,CA,3,12354
1580,86,CA,5,18364
1581,72,CA,4,89932
1582,77,CA,1,20872
1583,67,CA,0,10187
1584,35,CA,2,35372
1585,65,CA,1,15060
1586,25,CA,6,43585
1587,72,CA,3,53104
1588,40,CA,2,17431
1589,35,CA,7,110678
1590,77,CA,1,17216
1591,65,CA,2,23475
1592,61,CA,0,14490
1593,35,CA,5,59427
1594,76,CA,11,128829
1595,39,CA,0,20105
1596,58,CA,12,119376
1597,48,CA,2,35851
1598,35,CA,3,75611
1599,66,CA,10,109299
1600,94,CA,3,22832
1601,64,CA,4,73394
1602,54,CA,4,38752
1603,68,CA,2,19254
1604,36,CA,8,62754
1605,61,CA,10,141405
1606,53,CA,9,190645
1607,56,CA,13,189050
1608,28,CA,2,34637
1609,50,CA,1,12837
1610,35,CA,14,244769
1611,60,CA,45,203258
1612,58,CA,7,84266
1613,55,CA,84,C
1614,20,CA,5,90782
1615,23,CA,24,272386
1616,35,CA,4,122190
1617,47,CA,2,34289
1618,56,CA,3,46873
1619,83,CA,3,42669
1620,41,CA,2,20869
1621,42,CA,12,82992
1622,36,CA,4,60157
1623,25,CA,2,36940
1624,49,CA,1,22331
1625,46,CA,3,73990
1626,85,CA,1,13954
1627,24,CA,4,60555
1628,36,CA,3,47673
1629,42,CA,3,45977
1630,42,CA,2,23608
1631,48,CA,3,46742
1632,36,CA,1,29360
1633,56,CA,44,419956
1634,50,CA,6,51090
1635,36,CA,7,74891
1636,56,CA,3,34007
1637,77,CA,4,29453
1638,46,CA,2,17127
1639,59,CA,10,219053
1640,58,CA,3,35985
1641,55,CA,68,931294
1642,19,CA,4,40355
1643,62,CA,1,15099
1644,78,CA,4,47788
1645,79,CA,39,779475
1646,80,CA,4,44886
1647,19,CA,2,17996
1648,36,CA,5,75963
1649,54,CA,7,73082
1650,26,CA,2,10916
1651,70,CA,3,38264
1652,23,CA,3,56598
1653,36,CA,4,83302
1654,42,CA,1,10365
1655,45,CA,2,47289
1656,47,CA,0,7472
1657,19,CA,2,42205
1658,27,CA,2,18813
1659,46,CA,1,25227
1660,100,CA,3,21334
1661,67,CA,2,21861
1662,76,CA,7,73275
1663,50,CA,7,115761
1664,58,CA,5,47751
1665,76,CA,2,36500
1666,46,CA,2,34569
1667,24,CA,2,32742
1668,36,CA,9,141669
1669,49,CA,11,141442
1670,56,CA,3,39744
1671,30,CA,1,20813
1672,36,CA,6,141533
1673,58,CA,2,37304
1674,42,CA,2,56204
1675,48,CA,3,47864
1676,45,CA,8,89568
1677,27,CA,2,23689
1678,34,CA,8,94482
1679,20,CA,3,29965
1680,81,CA,6,50611
1681,46,CA,3,27953
1682,28,CA,3,67208
1683,36,CA,2,21980
1684,32,CA,28,236548
1685,19,CA,2,28599
1686,55,CA,15,171692
1687,40,CA,4,80765
1688,,CA,0,20587
1689,59,CA,1,12580
1690,67,CA,8,72352
1691,56,CA,1,5381
1692,51,CA,4,34564
1693,36,CA,8,114904
1694,65,CA,2,39250
1695,48,CA,2,31248
1696,19,CA,1,20577
1697,58,CA,0,12143
1698,58,CA,4,71099
1699,68,CA,9,125313
1700,63,CA,11,77603
1701,75,CA,2,27203
1702,42,CA,3,32720
1703,36,CA,3,55203
1704,25,CA,3,27301
1705,36,CA,3,52558
1706,49,CA,1,13609
1707,65,CA,8,248281
1708,39,CA,10,151669
1709,57,CA,1,19353
1710,78,CA,8,86891
1711,88,CA,3,29383
1712,65,CA,3,51541
1713,40,CA,3,53612
1714,53,CA,3,53912
1715,51,CA,C,
1716,54,CA,28,310073
1717,63,CA,2,15346
1718,77,CA,67,C
1719,36,CA,5,89256
1720,19,CA,1,29298
1721,46,CA,1,25704
1722,28,CA,5,69768
1723,36,CA,1,14053
1724,85,CA,1,13244
1725,42,CA,5,67173
1726,46,CA,1,34789
1727,79,CA,7,57093
1728,20,CA,2,30592
1729,54,CA,95,520999
1730,58,CA,68,587883
1731,65,CA,4,44761
1732,36,CA,1,21689
1733,76,CA,4,43899
1734,51,CA,3,44310
1735,36,CA,1,24667
1736,44,CA,8,146695
1737,47,CA,6,73349
1738,27,CA,3,47641
1739,51,CA,2,21069
1740,50,CA,3,35798
1741,58,CA,6,76905
1742,63,CA,12,221121
1743,53,CA,2,39032
1744,65,CA,3,35511
1745,67,CA,7,73990
1746,74,CA,1,17489
1747,77,CA,5,73871
1748,51,CA,3,42183
1749,71,CA,2,23728
1750,71,CA,0,23623
1751,28,CA,2,26597
1752,73,CA,4,89078
1753,49,CA,1,21466
1754,71,CA,1,19595
1755,69,CA,11,280326
1756,71,CA,6,68846
1757,36,CA,2,26810
1758,77,CA,2,22263
1759,64,CA,2,52116
1760,68,CA,1,25354
1761,78,CA,10,153065
1762,98,CA,2,14390
1763,65,CA,5,35061
1764,54,CA,9,103380
1765,44,CA,9,127436
1766,36,CA,7,139877
1767,72,CA,3,31850
1768,28,CA,2,17773
1769,55,CA,55,569698
1770,50,CA,49,502052
1771,36,CA,1,27763
1772,93,CA,26,278056
1773,83,CA,11,217321
1774,36,CA,1,19782
1775,52,CA,28,336746
1776,61,CA,17,163571
1777,47,CA,3,41215
1778,19,CA,2,38109
1779,36,CA,1,35972
1780,43,CA,3,38477
1781,77,CA,2,16742
1782,67,CA,13,171841
1783,75,CA,11,135913
1784,89,CA,1,17155
1785,36,CA,6,82180
1786,42,CA,5,59566
1787,77,CA,4,54078
1788,62,CA,17,163165
1789,72,CA,2,18390
1790,28,CA,2,34523
1791,73,CA,4,65728
1792,74,CA,2,18130
1793,72,CA,4,41810
1794,54,CA,2,25877
1795,65,CA,19,197265
1796,24,CA,3,61317
1797,47,CA,2,14746
1798,81,CA,2,6610
1799,40,CA,5,15933
1800,55,CA,0,3504
1801,67,CA,3,10070
1802,67,CA,7,27250
1803,33,CA,4,12116
1804,52,CA,3,8250
1805,45,CA,1,2519
1806,48,CA,3,5902
1807,65,CA,1,1405
1808,54,CA,1,2943
1809,82,CA,9,22802
1810,39,CA,2,4211
1811,55,CA,8,15134
1812,60,CA,3,10859
1813,40,CA,4,14294
1814,44,CA,3,7167
1815,61,CA,4,9638
1816,21,CA,1,3667
1817,44,CA,9,28257
1818,28,CA,5,29567
1819,67,CA,3,16394
1820,80,CA,8,20721
1821,67,CA,27,104145
1822,55,CA,7,17658
1823,52,CA,3,6260
1824,31,CA,4,10240
1825,27,CA,2,6609
1826,54,CA,9,25781
1827,49,CA,6,15422
1828,44,CA,2,6539
1829,59,CA,0,2605
1830,25,CA,3,6439
1831,41,CA,13,37209
1832,28,CA,2,7027
1833,50,CA,5,12728
1834,67,CA,5,18388
1835,45,CA,2,4792
1836,43,CA,1,2264
1837,12,CA,3,6234
1838,63,CA,3,8292
1839,10,CA,3,5917
1840,20,CA,4,10262
1841,68,CA,1,3943
1842,56,CA,6,18375
1843,51,CA,5,12025
1844,55,CA,19,67537
1845,33,CA,6,18873
1846,73,CA,2,4058
1847,35,CA,3,7385
1848,39,CA,3,8199
1849,49,CA,4,9910
1850,37,CA,3,9774
1851,57,CA,1,4320
1852,62,CA,2,12592
1853,46,CA,4,20086
1854,67,CA,2,6427
1855,62,CA,1,3165
1856,71,CA,4,16980
1857,67,CA,1,1555
1858,41,CA,2,4760
1859,56,CA,3,8641
1860,40,CA,2,8198
1861,65,CA,3,8004
1862,53,CA,4,9286
1863,42,CA,12,48187
1864,81,CA,3,9910
1865,40,CA,3,17181
1866,49,CA,2,6140
1867,65,CA,3,8305
1868,58,CA,2,14148
1869,36,CA,6,24511
1870,32,CA,5,15169
1871,43,CA,2,6834
1872,59,CA,1,2564
1873,46,CA,1,5088
1874,48,CA,3,13183
1875,75,CA,1,1608
1876,46,CA,4,15079
1877,22,CA,4,10252
1878,53,CA,4,12173
1879,38,CA,3,16681
1880,62,CA,8,26468
1881,63,CA,19,56992
1882,52,CA,6,13469
1883,28,CA,1,3635
1884,67,CA,2,8122
1885,42,CA,4,9585
1886,28,CA,2,5448
1887,35,CA,0,2726
1888,39,CA,4,11625
1889,72,CA,1,2644
1890,58,CA,3,6284
1891,40,CA,5,20933
1892,42,CA,3,18265
1893,75,CA,0,3647
1894,,CA,11,67571
1895,52,CA,1,1694
1896,62,CA,4,10778
1897,61,CA,4,15337
1898,64,CA,2,5766
1899,67,CA,2,7852
1900,70,CA,1,1715
1901,54,CA,5,11166
1902,52,CA,3,7641
1903,21,CA,4,31079
1904,44,CA,3,9206
1905,56,CA,8,56995
1906,45,CA,7,22246
1907,57,CA,2,7001
1908,40,CA,5,12513
1909,51,CA,3,7301
1910,75,CA,2,4816
1911,32,CA,2,7877
1912,39,CA,1,3185
1913,45,CA,5,14496
1914,59,CA,7,19624
1915,49,CA,9,34743
1916,46,CA,5,19473
1917,68,CA,3,10324
1918,44,CA,9,22898
1919,42,CA,5,17313
1920,50,CA,3,6726
1921,75,CA,2,6042
1922,50,CA,4,11118
1923,45,CA,6,15543
1924,65,CA,2,7639
1925,27,CA,4,16257
1926,50,CA,12,37360
1927,34,CA,4,12406
1928,48,CA,2,7106
1929,45,CA,4,15064
1930,58,CA,11,30870
1931,51,CA,5,25127
1932,43,CA,4,31379
1933,57,CA,4,12701
1934,53,CA,6,19423
1935,59,CA,6,24864
1936,46,CA,7,25993
1937,49,CA,2,6344
1938,24,CA,1,14245
1939,71,CA,2,5962
1940,49,CA,4,11467
1941,52,CA,6,26508
1942,54,CA,1,2547
1943,49,CA,13,38116
1944,52,CA,4,12259
1945,58,CA,2,5789
1946,44,CA,3,10481
1947,52,CA,6,16863
1948,60,CA,1,3840
1949,63,CA,4,9352
1950,53,CA,5,12957
1951,42,CA,2,5296
1952,40,CA,2,12885
1953,40,CA,1,5993
1954,49,CA,2,5023
1955,63,CA,4,18124
1956,73,CA,2,11045
1957,53,CA,2,7081
1958,47,CA,3,7112
1959,56,CA,3,9187
1960,53,CA,7,20550
1961,28,CA,1,3194
1962,47,CA,1,9262
1963,46,CA,2,6259
1964,43,CA,2,5855
1965,49,CA,9,27488
1966,49,CA,21,75541
1967,51,CA,4,11834
1968,83,CA,16,81101
1969,52,CA,4,18443
1970,48,CA,2,11561
1971,48,CA,1,5038
1972,53,CA,2,9608
1973,59,CA,12,41998
1974,50,CA,3,13350
1975,37,CA,2,7304
1976,49,CA,3,11329
1977,42,CA,7,25531
1978,45,CA,6,22570
1979,53,CA,2,5456
1980,50,CA,5,12909
1981,52,CA,7,16466
1982,78,CA,3,9206
1983,39,CA,1,2658
1984,72,CA,3,11087
1985,22,CA,2,12312
1986,9,CA,1,2274
1987,35,CA,4,20674
1988,60,CA,14,36429
1989,47,CA,11,32260
1990,42,CA,3,22482
1991,50,CA,4,17719
1992,44,CA,6,16633
1993,82,CA,1,5522
1994,31,CA,11,90956
1995,83,CA,1,4324
1996,37,CA,1,7664
1997,80,CA,5,17823
1998,43,CA,1,8652
1999,81,CA,18,72041
2000,55,CA,38,104338
2001,42,CA,11,46840
2002,45,CA,6,19843
2003,61,CA,5,20520
2004,42,CA,4,18070
2005,68,CA,1,4661
2006,42,CA,5,24762
2007,86,CA,9,27118
2008,69,CA,4,12468
2009,77,CA,2,4011
2010,85,CA,5,15550
2011,26,CA,1,6239
2012,76,CA,3,9194
2013,64,CA,5,30472
2014,76,CA,13,21094
2015,41,CA,1,9565
2016,82,CA,2,9499
2017,80,CA,3,14926
2018,66,CA,1,14708
2019,67,CA,6,45487
2020,75,CA,4,15309
2021,45,CA,3,15082
2022,84,CA,5,13186
2023,45,CA,13,36893
2024,31,CA,1,4682
2025,50,CA,6,28717
2026,31,CA,1,3581
2027,76,CA,5,11848
2028,31,CA,2,6198
2029,51,CA,19,60992
2030,76,CA,15,27085
2031,48,CA,5,10891
2032,26,CA,2,3614
2033,32,CA,5,11353
2034,77,CA,4,14770
2035,71,CA,19,49484
2036,42,CA,8,24142
2037,36,CA,4,10288
2038,31,CA,2,8290
2039,77,CA,6,17259
2040,76,CA,9,35604
2041,51,CA,25,67652
2042,36,CA,3,18377
2043,36,CA,2,8932
2044,66,CA,4,10149
2045,51,CA,8,26048
2046,45,CA,52,96154
2047,36,CA,6,23271
2048,83,CA,6,21396
2049,17,CA,3,12672
2050,42,CA,3,10368
2051,69,CA,1,9108
2052,49,CA,2,18716
2053,38,CA,3,11960
2054,36,CA,2,11949
2055,41,CA,25,112425
2056,85,CA,2,7388
2057,73,CA,5,20007
2058,76,CA,9,36027
2059,82,CA,9,39258
2060,36,CA,1,7619
2061,88,CA,3,11314
2062,25,CA,2,6031
2063,27,CA,1,18973
2064,59,CA,9,22131
2065,64,CA,15,43299
2066,74,CA,11,24486
2067,55,CA,5,23327
2068,38,CA,2,6543
2069,59,CA,2,2943
2070,56,CA,10,104885
2071,66,CA,8,17135
2072,36,CA,6,36065
2073,46,CA,5,13833
2074,38,CA,3,12478
2075,60,CA,2,3958
2076,44,CA,6,10344
2077,65,CA,28,73768
2078,55,CA,13,28727
2079,54,CA,18,61279
2080,43,CA,5,14863
2081,17,CA,2,2358
2082,57,CA,5,8219
2083,47,CA,5,9471
2084,33,CA,6,19009
2085,36,CA,4,12172
2086,66,CA,3,12360
2087,65,CA,4,10372
2088,52,CA,3,7437
2089,70,CA,7,14264
2090,51,CA,4,15774
2091,49,CA,5,10117
2092,74,CA,2,2797
2093,49,CA,14,64312
2094,70,CA,7,28444
2095,52,CA,7,45617
2096,73,CA,5,13306
2097,89,CA,39,129285
2098,63,CA,2,6396
2099,76,CA,15,48618
2100,84,CA,5,17191
2101,71,CA,2,10259
2102,46,CA,1,2838
2103,56,CA,5,9673
2104,47,CA,6,11605
2105,42,CA,7,13696
2106,53,CA,6,55743
2107,34,CA,3,6508
2108,61,CA,5,13870
2109,72,CA,4,10584
2110,63,CA,3,4177
2111,46,CA,12,33285
2112,86,CA,7,12620
2113,64,CA,4,16726
2114,69,CA,3,10314
2115,90,CA,8,12840
2116,68,CA,11,28858
2117,47,CA,3,10910
2118,57,CA,31,103903
2119,47,CA,4,12162
2120,82,CA,16,37724
2121,82,CA,14,54386
2122,40,CA,13,45331
2123,72,CA,2,4684
2124,40,CA,6,11590
2125,70,CA,7,22727
2126,59,CA,12,24241
2127,83,CA,3,6128
2128,24,CA,2,2475
2129,21,CA,5,22420
2130,42,CA,2,3076
2131,71,CA,9,23369
2132,67,CA,5,17308
2133,31,CA,19,65957
2134,27,CA,3,7923
2135,26,CA,0,3155
2136,37,CA,5,13633
2137,21,CA,1,4764
2138,62,CA,2,7113
2139,31,CA,3,11362
2140,64,CA,17,39768
2141,64,CA,3,7105
2142,66,CA,1,1681
2143,56,CA,8,17944
2144,88,CA,2,7485
2145,37,CA,2,3650
2146,66,CA,10,23638
2147,25,CA,4,14947
2148,32,CA,2,3266
2149,59,CA,1,5429
2150,37,CA,3,12871
2151,36,CA,1,6628
2152,67,CA,14,49348
2153,58,CA,5,15335
2154,92,CA,10,13184
2155,83,CA,2,2020
2156,53,CA,8,18923
2157,74,CA,4,13021
2158,51,CA,6,18549
2159,66,CA,6,26675
2160,62,CA,4,6614
2161,56,CA,7,22040
2162,55,CA,3,7350
2163,85,CA,3,15097
2164,83,CA,5,14515
2165,74,CA,22,117076
2166,64,CA,3,4338
2167,56,CA,18,74290
2168,59,CA,5,18841
2169,32,CA,2,8070
2170,54,CA,8,69050
2171,55,CA,10,28949
2172,72,CA,2,5528
2173,37,CA,37,97759
2174,35,CA,2,6829
2175,54,CA,2,9292
2176,52,CA,9,27682
2177,73,CA,15,40375
2178,32,CA,6,26637
2179,73,CA,5,9639
2180,53,CA,4,9372
2181,49,CA,4,9258
2182,74,CA,4,11210
2183,27,CA,2,4488
2184,69,CA,29,115297
2185,52,CA,5,19356
2186,31,CA,39,133213
2187,79,CA,10,51709
2188,85,CA,4,5574
2189,56,CA,1,10879
2190,24,CA,0,4309
2191,61,CA,5,11357
2192,56,CA,1,9682
2193,61,CA,3,9309
2194,52,CA,3,7683
2195,78,CA,2,10337
2196,54,CA,2,5558
2197,67,CA,1,11419
2198,51,CA,8,22237
2199,70,CA,3,7640
2200,29,CA,2,9546
2201,31,CA,4,11497
2202,74,CA,6,11680
2203,62,CA,2,2737
2204,22,CA,1,3922
2205,59,CA,11,23952
2206,83,CA,2,4504
2207,49,CA,6,16176
2208,39,CA,2,3138
2209,58,CA,7,12464
2210,68,CA,9,47293
2211,52,CA,10,34863
2212,39,CA,6,16655
2213,17,CA,4,8428
2214,73,CA,2,3926
2215,65,CA,2,3611
2216,53,CA,6,21322
2217,54,CA,3,10255
2218,56,CA,22,45756
2219,42,CA,23,82596
2220,71,CA,1,1809
2221,50,CA,4,14531
2222,75,CA,3,6799
2223,23,CA,3,14967
2224,49,CA,13,71877
2225,84,CA,5,9034
2226,69,CA,2,4621
2227,83,CA,1,3712
2228,37,CA,3,11635
2229,35,CA,7,16053
2230,53,CA,1,2094
2231,49,CA,1,4557
2232,32,CA,6,27032
2233,46,CA,1,3688
2234,92,CA,8,16586
2235,80,CA,1,1657
2236,36,CA,7,14621
2237,100,CA,2,12141
2238,84,CA,1,1825
2239,65,CA,3,6984
2240,48,CA,4,17466
2241,42,CA,4,16517
2242,46,CA,4,4984
2243,75,CA,2,3395
2244,80,CA,2,6419
2245,84,CA,2,3985
2246,68,CA,4,14692
2247,88,CA,3,10919
2248,65,CA,3,5892
2249,53,CA,2,5221
2250,68,CA,40,184253
2251,68,CA,3,25128
2252,75,CA,3,4143
2253,41,CA,5,9151
2254,82,CA,5,17284
2255,43,CA,6,13428
2256,37,CA,4,12002
2257,42,CA,4,16850
2258,48,CA,4,12810
2259,64,CA,11,19572
2260,87,CA,5,8339
2261,62,CA,5,14388
2262,38,CA,4,9021
2263,79,CA,3,9067
2264,82,CA,3,6147
2265,64,CA,1,2718
2266,50,CA,7,13089
2267,20,CA,8,23606
2268,51,CA,1,5025
2269,17,CA,10,28598
2270,35,CA,5,27062
2271,72,CA,1,8356
2272,93,CA,5,11169
2273,54,CA,7,14138
2274,78,CA,3,7385
2275,64,CA,2,4562
2276,69,CA,5,11840
2277,38,CA,3,12720
2278,76,CA,7,33795
2279,23,CA,2,5544
2280,48,CA,3,7939
2281,27,CA,3,10535
2282,57,CA,1,4386
2283,52,CA,5,15073
2284,33,CA,4,15910
2285,59,CA,24,121576
2286,62,CA,20,83231
2287,59,CA,7,20365
2288,51,CA,3,11259
2289,45,CA,7,20671
2290,17,CA,4,5354
2291,83,CA,2,5125
2292,56,CA,8,20632
2293,48,CA,3,10636
2294,30,CA,3,9200
2295,22,CA,2,5088
2296,82,CA,1,4767
2297,37,CA,8,14835
2298,50,CA,1,2056
2299,55,CA,6,32352
2300,88,CA,5,12777
2301,36,CA,7,30013
2302,18,CA,4,16706
2303,23,CA,2,5500
2304,79,CA,3,16185
2305,53,CA,5,24642
2306,57,CA,1,3387
2307,27,CA,2,6603
2308,27,CA,2,4228
2309,76,CA,2,2659
2310,17,CA,4,15780
2311,69,CA,2,8674
2312,38,CA,3,11092
2313,61,CA,68,389594
2314,76,CA,2,2371
2315,21,CA,4,17815
2316,82,CA,2,4782
2317,20,CA,4,8140
2318,56,CA,3,16149
2319,27,CA,3,8481
2320,83,CA,7,21738
2321,48,CA,15,66199
2322,67,CA,0,6107
2323,39,CA,2,19171
2324,,CA,3,18903
2325,18,CA,2,11771
2326,56,CA,2,10285
2327,18,CA,4,28348
2328,80,CA,2,12714
2329,82,CA,2,10167
2330,29,CA,3,12275
2331,41,CA,4,21611
2332,,CA,1,6785
2333,73,CA,1,1293
2334,55,CA,3,12597
2335,82,CA,3,19592
2336,74,CA,2,10815
2337,82,CA,0,4848
2338,32,CA,2,7699
2339,55,CA,2,9984
2340,71,CA,3,15450
2341,65,CA,5,34100
2342,55,CA,1,7021
2343,76,CA,2,19826
2344,64,CA,5,31790
2345,69,CA,4,26291
2346,63,CA,1,11025
2347,74,CA,2,11503
2348,24,CA,2,18929
2349,,CA,8,13093
2350,33,CA,1,7403
2351,26,CA,3,17803
2352,86,CA,10,22639
2353,69,CA,5,25526
2354,88,CA,0,2999
2355,44,CA,3,9134
2356,87,CA,4,8532
2357,70,CA,9,13178
2358,75,CA,1,2645
2359,87,CA,6,16771
2360,30,CA,16,39707
2361,63,CA,4,5797
2362,78,CA,7,11264
2363,80,CA,2,5645
2364,24,CA,2,2809
2365,81,CA,4,8416
2366,52,CA,2,4033
2367,57,CA,2,4295
2368,43,CA,5,13917
2369,88,CA,4,6725
2370,74,CA,5,10852
2371,41,CA,1,3701
2372,89,CA,3,8786
2373,80,CA,2,3973
2374,83,CA,4,5073
2375,59,CA,7,13898
2376,93,CA,5,13161
2377,68,CA,2,4230
2378,80,CA,0,10794
2379,70,CA,3,5343
2380,84,CA,1,2663
2381,83,CA,31,39066
2382,57,CA,2,2712
2383,93,CA,9,15683
2384,82,CA,6,10855
2385,73,CA,1,2819
2386,68,CA,2,5094
2387,45,CA,3,7424
2388,55,CA,3,6267
2389,38,CA,6,25564
2390,67,CA,17,66490
2391,49,CA,1,7171
2392,64,CA,3,15025
2393,76,CA,3,13814
2394,58,CA,5,21480
2395,49,CA,10,24346
2396,73,CA,6,16785
2397,68,CA,6,15008
2398,28,CA,3,8780
2399,50,CA,4,16442
2400,50,CA,2,5340
2401,48,CA,2,9310
2402,64,CA,3,12847
2403,49,CA,2,13275
2404,60,CA,1,5889
2405,32,CA,2,4908
2406,33,CA,3,11092
2407,56,CA,4,20846
2408,49,CA,7,34046
2409,50,CA,5,15779
2410,48,CA,3,7831
2411,52,CA,5,17868
2412,43,CA,1,8965
2413,61,CA,3,13395
2414,7,CA,5,26726
2415,54,CA,2,4911
2416,47,CA,12,24660
2417,65,CA,8,14702
2418,56,CA,15,41475
2419,92,CA,5,11135
2420,77,CA,15,35191
2421,46,CA,4,37028
2422,37,CA,3,6740
2423,88,CA,5,23498
2424,70,CA,4,12913
2425,59,CA,2,5480
2426,73,CA,6,15477
2427,50,CA,4,16352
2428,75,CA,6,15938
2429,64,CA,4,10358
2430,60,CA,2,4717
2431,36,CA,4,12480
2432,76,CA,9,26249
2433,60,CA,5,11469
2434,69,CA,4,18443
2435,81,CA,1,3786
2436,61,CA,2,13554
2437,65,CA,1,7442
2438,60,CA,2,4513
2439,71,CA,6,20699
2440,64,CA,5,9668
2441,19,CA,1,3243
2442,78,CA,4,18851
2443,77,CA,3,6311
2444,86,CA,2,5437
2445,79,CA,11,22322
2446,76,CA,6,13346
2447,58,CA,8,17212
2448,47,CA,3,9894
2449,25,CA,2,9374
2450,81,CA,3,12075
2451,72,CA,2,10962
2452,67,CA,3,15760
2453,72,CA,14,48921
2454,77,CA,6,13436
2455,33,CA,2,5084
2456,65,CA,3,11915
2457,73,CA,1,2877
2458,41,CA,8,22886
2459,60,CA,3,10068
2460,25,CA,1,7137
2461,65,CA,1,4116
2462,48,CA,13,32785
2463,52,CA,3,7574
2464,71,CA,2,7065
2465,60,CA,3,10805
2466,58,CA,2,3246
2467,65,CA,13,36108
2468,56,CA,2,7615
2469,17,CA,2,9328
2470,57,CA,1,3367
2471,73,CA,6,14494
2472,70,CA,2,2675
2473,80,CA,8,19592
2474,62,CA,10,35169
2475,57,CA,12,27413
2476,41,CA,3,12404
2477,78,CA,12,38415
2478,9,CA,2,4919
2479,68,CA,22,48602
2480,72,CA,3,13267
2481,53,CA,4,18502
2482,71,CA,1,6228
2483,81,CA,6,13207
2484,77,CA,5,16667
2485,22,CA,1,4576
2486,35,CA,2,4481
2487,28,CA,1,4193
2488,33,CA,4,10649
2489,43,CA,9,21305
2490,58,CA,11,24677
2491,52,CA,2,9555
2492,71,CA,2,6461
2493,34,CA,15,131530
2494,61,CA,4,19552
2495,22,CA,4,14721
2496,43,CA,3,9451
2497,42,CA,3,5918
2498,75,CA,5,20767
2499,64,CA,7,22238
2500,68,CA,6,21277
2501,54,CA,3,11111
2502,47,CA,2,7147
2503,61,CA,6,14541
2504,60,CA,3,10018
2505,85,CA,4,8957
2506,60,CA,17,42606
2507,52,CA,1,5319
2508,74,CA,7,32793
2509,68,CA,2,4143
2510,27,CA,0,6191
2511,83,CA,3,13974
2512,64,CA,3,9735
2513,37,CA,3,6745
2514,50,CA,12,35826
2515,51,CA,3,10026
2516,73,CA,9,31329
2517,78,CA,4,10529
2518,33,CA,2,7325
2519,73,CA,4,11461
2520,68,CA,1,3876
2521,72,CA,2,4688
2522,68,CA,5,10199
2523,59,CA,8,36517
2524,17,CA,3,12234
2525,77,CA,7,14279
2526,41,CA,1,3209
2527,60,CA,5,12909
2528,38,CA,2,9913
2529,49,CA,2,4163
2530,41,CA,10,41751
2531,48,CA,4,8594
2532,68,CA,1,4627
2533,64,CA,2,3978
2534,50,CA,5,18651
2535,59,CA,2,7166
2536,36,CA,4,27077
2537,29,CA,4,14802
2538,64,CA,13,42577
2539,68,CA,1,3719
2540,51,CA,2,3121
2541,32,CA,3,7672
2542,71,CA,4,12842
2543,29,CA,3,14972
2544,72,CA,2,6568
2545,85,CA,3,6853
2546,29,CA,4,10732
2547,61,CA,20,39226
2548,79,CA,3,8236
2549,56,CA,3,9835
2550,73,CA,4,10053
2551,76,CA,9,40683
2552,57,CA,6,16368
2553,56,CA,4,9199
2554,76,CA,2,5321
2555,49,CA,2,3656
2556,29,CA,1,3310
2557,61,CA,4,5845
2558,53,CA,5,6782
2559,31,CA,4,7620
2560,73,CA,3,7023
2561,72,CA,4,9756
2562,53,CA,2,8016
2563,21,CA,4,21500
2564,57,CA,12,39119
2565,46,CA,1,2450
2566,49,CA,3,5067
2567,54,CA,2,4192
2568,57,CA,2,5086
2569,61,CA,5,15814
2570,76,CA,5,40868
2571,61,CA,1,2190
2572,61,CA,3,4407
2573,38,CA,3,5978
2574,76,CA,6,10912
2575,91,CA,5,12603
2576,29,CA,6,17494
2577,76,CA,10,20273
2578,37,CA,2,10201
2579,52,CA,5,14018
2580,58,CA,7,12740
2581,63,CA,6,15053
2582,29,CA,8,18713
2583,72,CA,3,5265
2584,72,CA,2,4772
2585,69,CA,2,8724
2586,,CA,3,4128
2587,35,CA,15,30722
2588,85,CA,12,37435
2589,69,CA,2,10218
2590,32,CA,6,21261
2591,69,CA,10,16916
2592,75,CA,6,11057
2593,44,CA,2,4262
2594,29,CA,3,9143
2595,77,CA,1,6521
2596,32,CA,6,26688
2597,41,CA,6,11621
2598,65,CA,8,25728
2599,88,CA,2,7064
2600,50,CA,31,72692
2601,52,CA,6,15193
2602,47,CA,2,10287
2603,29,CA,18,66301
2604,50,CA,3,5095
2605,59,CA,16,41519
2606,38,CA,3,10794
2607,82,CA,3,4070
2608,66,CA,4,7671
2609,,CA,1,4163
2610,41,CA,9,19445
2611,67,CA,2,3213
2612,65,CA,8,21127
2613,82,CA,8,30783
2614,54,CA,11,31923
2615,33,CA,6,32696
2616,26,CA,5,14104
2617,80,CA,3,6029
2618,73,CA,4,10820
2619,33,CA,2,3816
2620,56,CA,27,138879
2621,50,CA,11,58284
2622,65,CA,12,53091
2623,38,CA,1,1945
2624,30,CA,2,4719
2625,88,CA,8,31481
2626,40,CA,1,1858
2627,49,CA,5,11316
2628,30,CA,4,12997
2629,59,CA,10,23509
2630,77,CA,12,25482
2631,86,CA,7,15495
2632,54,CA,3,8598
2633,37,CA,1,5261
2634,87,CA,2,6271
2635,75,CA,6,17726
2636,58,CA,5,11711
2637,52,CA,14,16982
2638,24,CA,1,5528
2639,39,CA,4,11907
2640,74,CA,3,8059
2641,83,CA,5,10232
2642,57,CA,2,6156
2643,79,CA,4,11057
2644,65,CA,5,10503
2645,78,CA,1,3869
2646,85,CA,3,8617
2647,78,CA,1,5843
2648,67,CA,0,474
2649,81,CA,2,8077
2650,64,CA,6,27977
2651,82,CA,C,
2652,76,CA,1,5893
2653,65,CA,7,15130
2654,86,CA,3,6763
2655,67,CA,2,6415
2656,53,CA,5,22340
2657,53,CA,5,17809
2658,17,CA,2,6601
2659,75,CA,1,7868
2660,68,CA,2,6498
2661,45,CA,4,18832
2662,81,CA,15,5846
2663,34,CA,2,14407
2664,60,CA,10,51508
2665,71,CA,3,5440
2666,76,CA,3,19742
2667,67,CA,2,8843
2668,45,CA,2,10729
2669,49,CA,4,25001
2670,76,CA,2,6448
2671,81,CA,4,13845
2672,89,CA,242,79587
2673,59,CA,3,8753
2674,83,CA,1,8406
2675,49,CA,4,11400
2676,79,CA,3,16869
2677,83,CA,3,10754
2678,67,CA,5,20594
2679,72,CA,5,12136
2680,36,CA,5,17523
2681,77,CA,1,7385
2682,69,CA,1,4625
2683,64,CA,6,20624
2684,76,CA,2,7628
2685,64,CA,2,11928
2686,75,CA,1,6091
2687,56,CA,1,6283
2688,65,CA,3,9897
2689,28,CA,1,5393
2690,36,CA,3,7370
2691,75,CA,3,13459
2692,85,CA,8,18481
2693,53,CA,5,19561
2694,53,CA,4,20210
2695,79,CA,2,8173
2696,79,CA,7,20148
2697,76,CA,7,31343
2698,67,CA,8,50107
2699,67,CA,5,15244
2700,26,CA,1,8161
2701,74,CA,7,28113
2702,54,CA,2,22765
2703,80,CA,5,15056
2704,78,CA,4,10629
2705,22,CA,2,20482
2706,58,CA,3,15388
2707,50,CA,2,40575
2708,,CA,2,15342
2709,61,CA,1,9643
2710,90,CA,2,14438
2711,77,CA,3,23880
2712,40,CA,1,7378
2713,27,CA,2,10123
2714,44,CA,2,30905
2715,58,CA,2,13538
2716,49,CA,3,20322
2717,17,CA,2,15038
2718,76,CA,3,25726
2719,58,CA,4,17467
2720,18,CA,3,9238
2721,66,CA,4,22930
2722,68,CA,3,18421
2723,44,CA,1,13942
2724,66,CA,1,16218
2725,81,CA,1,13876
2726,52,CA,0,9719
2727,73,CA,6,48027
2728,20,CA,4,17479
2729,48,CA,9,34623
2730,77,CA,8,39281
2731,65,CA,14,92212
2732,,CA,5,34139
2733,67,CA,8,33471
2734,27,CA,1,4246
2735,22,CA,1,11388
2736,64,CA,5,32554
2737,49,CA,5,32120
2738,74,CA,6,59633
2739,29,CA,5,60491
2740,39,CA,3,21501
2741,39,CA,3,27917
2742,54,CA,3,15371
2743,20,CA,6,28293
2744,42,CA,3,21840
2745,61,CA,14,67182
2746,38,CA,1,4583
2747,75,CA,3,27570
2748,72,CA,4,25905
2749,67,CA,1,10990
2750,46,CA,1,16785
2751,52,CA,3,17132
2752,69,CA,1,9465
2753,44,CA,3,28681
2754,58,CA,4,14825
2755,43,CA,1,13816
2756,54,CA,7,35094
2757,55,CA,8,52597
2758,23,CA,6,43722
2759,73,CA,4,15898
2760,39,CA,6,39600
2761,47,CA,2,10841
2762,31,CA,3,25895
2763,53,CA,5,30574
2764,57,CA,4,43531
2765,69,CA,3,39019
2766,43,CA,1,5327
2767,56,CA,6,49471
2768,63,CA,3,26382
2769,74,CA,4,25857
2770,50,CA,3,14788
2771,81,CA,2,9523
2772,61,CA,4,28130
2773,76,CA,6,28489
2774,68,CA,5,30746
2775,34,CA,8,45434
2776,65,CA,2,10928
2777,57,CA,3,15758
2778,56,CA,10,46754
2779,72,CA,4,27177
2780,74,CA,4,12376
2781,26,CA,4,16281
2782,71,CA,1,6955
2783,25,CA,3,19130
2784,64,CA,2,14385
2785,75,CA,9,40062
2786,49,CA,5,27142
2787,59,CA,6,49381
2788,26,CA,2,12910
2789,53,CA,3,17921
2790,51,CA,4,26708
2791,76,CA,2,7654
2792,34,CA,6,22921
2793,74,CA,7,28259
2794,56,CA,2,6931
2795,9,CA,1,3428
2796,33,CA,1,5197
2797,32,CA,2,7998
2798,26,CA,4,8397
2799,73,CA,3,5899
2800,50,CA,1,6516
2801,9,CA,1,5148
2802,45,CA,3,14181
2803,33,CA,1,3832
2804,47,CA,1,5348
2805,40,CA,5,12293
2806,12,CA,2,11033
2807,40,CA,8,8022
2808,91,CA,4,6996
2809,,CA,1,3261
2810,60,CA,6,9053
2811,85,CA,2,3861
2812,51,CA,3,7375
2813,57,CA,5,5942
2814,70,CA,1,4730
2815,50,CA,7,14079
2816,39,CA,2,3955
2817,78,CA,2,5217
2818,85,CA,7,10064
2819,75,CA,5,11295
2820,71,CA,3,6388
2821,68,CA,2,7954
2822,60,CA,1,2273
2823,74,CA,9,15044
2824,41,CA,16,32828
2825,81,CA,6,16403
2826,37,CA,9,11537
2827,79,CA,4,5385
2828,62,CA,1,1973
2829,85,CA,2,4526
2830,79,CA,10,10328
2831,78,CA,4,6834
2832,56,CA,5,12537
2833,89,CA,4,13785
2834,76,CA,2,5658
2835,55,CA,18,45399
2836,84,CA,15,32564
2837,20,CA,2,6294
2838,48,CA,1,2610
2839,75,CA,3,7021
2840,20,CA,2,5087
2841,65,CA,1,3041
2842,82,CA,4,13413
2843,20,CA,2,6032
2844,74,CA,3,6981
2845,69,CA,4,7844
2846,68,CA,2,4340
2847,81,CA,6,8499
2848,72,CA,3,7589
2849,63,CA,6,15275
2850,70,CA,3,10538
2851,74,CA,3,11774
2852,75,CA,4,8439
2853,20,CA,3,9638
2854,92,CA,20,52858
2855,93,CA,3,8006
2856,67,CA,1,5323
2857,46,CA,2,3407
2858,83,CA,5,5069
2859,66,CA,3,7908
2860,76,CA,1,3170
2861,20,CA,1,6719
2862,71,CA,2,8035
2863,63,CA,4,8385
2864,66,CA,6,10476
2865,73,CA,4,5280
2866,49,CA,3,8389
2867,48,CA,9,26066
2868,72,CA,10,20882
2869,63,CA,3,9110
2870,54,CA,9,24247
2871,75,CA,2,3247
2872,57,CA,3,7069
2873,69,CA,3,12248
2874,37,CA,3,10252
2875,31,CA,8,19807
2876,73,CA,4,7637
2877,49,CA,1,2326
2878,78,CA,4,9202
2879,59,CA,2,11807
2880,64,CA,8,26268
2881,22,CA,1,8392
2882,62,CA,3,15472
2883,23,CA,1,9414
2884,57,CA,4,14680
2885,81,CA,1,4713
2886,46,CA,3,8898
2887,51,CA,4,13001
2888,50,CA,2,6029
2889,49,CA,4,22825
2890,70,CA,9,52501
2891,40,CA,5,15742
2892,46,CA,2,5116
2893,58,CA,4,33886
2894,48,CA,4,12083
2895,76,CA,2,19453
2896,,CA,3,18372
2897,57,CA,11,41628
2898,52,CA,4,26553
2899,63,CA,3,12181
2900,62,CA,7,26746
2901,77,CA,7,29801
2902,41,CA,3,14634
2903,76,CA,3,14013
2904,29,CA,2,8950
2905,49,CA,3,23563
2906,70,CA,3,14636
2907,83,CA,3,15533
2908,76,CA,4,21310
2909,8,CA,4,14401
2910,79,CA,3,14391
2911,51,CA,7,38443
2912,56,CA,5,22194
2913,41,CA,4,20436
2914,50,CA,1,6175
2915,18,CA,4,29991
2916,47,CA,1,29169
2917,58,CA,4,24604
2918,52,CA,2,12823
2919,52,CA,3,21413
2920,70,CA,1,14811
2921,72,CA,10,39448
2922,84,CA,3,10043
2923,62,CA,5,36239
2924,90,CA,5,33118
2925,32,CA,2,6653
2926,73,CA,2,9196
2927,62,CA,2,17020
2928,69,CA,2,7756
2929,73,CA,8,26605
2930,43,CA,4,21493
2931,42,CA,3,9442
2932,87,CA,2,38411
2933,76,CA,9,98236
2934,66,CA,4,15494
2935,68,CA,4,24808
2936,63,CA,2,18990
2937,49,CA,3,24595
2938,49,CA,3,13361
2939,84,CA,2,12392
2940,28,CA,1,5010
2941,66,CA,2,7588
2942,55,CA,5,13326
2943,73,CA,5,38599
2944,63,CA,2,5372
2945,84,CA,4,19610
2946,52,CA,3,17333
2947,60,CA,8,53639
2948,56,CA,4,15260
2949,76,CA,4,14534
2950,56,CA,2,35657
2951,71,CA,10,56655
2952,61,CA,5,23759
2953,53,CA,3,31947
2954,87,CA,9,64585
2955,18,CA,4,33028
2956,71,CA,4,25914
2957,47,CA,3,11261
2958,49,CA,4,26227
2959,58,CA,10,71822
2960,83,CA,2,5434
2961,64,CA,2,9541
2962,76,CA,4,28898
2963,74,CA,10,27474
2964,17,CA,2,6001
2965,56,CA,2,6504
2966,85,CA,6,26951
2967,90,CA,4,36813
2968,50,CA,1,8157
2969,49,CA,6,23212
2970,79,CA,3,23863
2971,59,CA,2,9332
2972,74,CA,4,25574
2973,73,CA,2,10999
2974,64,CA,2,10161
2975,67,CA,3,10906
2976,69,CA,8,33362
2977,77,CA,3,34284
2978,86,CA,3,9908
2979,56,CA,4,13452
2980,61,CA,3,11464
2981,38,CA,2,28883
2982,67,CA,3,13145
2983,49,CA,4,16241
2984,60,CA,2,28246
2985,68,CA,4,35921
2986,72,CA,4,16251
2987,69,CA,5,30625
2988,71,CA,10,45403
2989,67,CA,7,31159
2990,74,CA,7,67313
2991,63,CA,3,16776
2992,59,CA,35,204831
2993,53,CA,5,30783
2994,85,CA,3,16885
2995,38,CA,2,17547
2996,19,CA,2,26147
2997,77,CA,14,40413
2998,44,CA,2,11637
2999,62,CA,6,43495
3000,22,CA,8,74456
3001,65,CA,4,32001
3002,54,CA,4,26179
3003,63,CA,5,16000
3004,48,CA,4,31024
3005,67,CA,2,20620
3006,73,CA,1,8167
3007,67,CA,5,20091
3008,77,CA,4,43194
3009,46,CA,7,69607
3010,57,CA,3,44437
3011,48,CA,6,49516
3012,73,CA,3,20187
3013,59,CA,4,37650
3014,58,CA,2,15387
3015,57,CA,5,22476
3016,31,CA,6,48993
3017,64,CA,11,76107
3018,77,CA,3,12109
3019,65,CA,4,17909
3020,58,CA,6,15725
3021,83,CA,2,8948
3022,75,CA,2,5883
3023,47,CA,2,5945
3024,56,CA,7,28413
3025,59,CA,3,10447
3026,76,CA,18,52857
3027,76,CA,8,30257
3028,54,CA,6,17519
3029,76,CA,10,37199
3030,79,CA,4,14054
3031,49,CA,1,4543
3032,60,CA,4,8430
3033,54,CA,5,12413
3034,54,CA,4,20862
3035,56,CA,4,17059
3036,72,CA,4,12566
3037,82,CA,2,13221
3038,39,CA,7,71304
3039,,CA,6,19256
3040,83,CA,3,6105
3041,56,CA,1,2766
3042,65,CA,6,17049
3043,24,CA,3,7284
3044,72,CA,5,20764
3045,65,CA,3,9534
3046,,CA,2,5069
3047,68,CA,3,8245
3048,72,CA,3,10847
3049,48,CA,2,6869
3050,54,CA,2,7482
3051,72,CA,7,50538
3052,,CA,4,9847
3053,72,CA,5,16169
3054,68,CA,11,31920
3055,69,CA,3,9327
3056,43,CA,4,25860
3057,50,CA,6,18061
3058,37,CA,3,8342
3059,48,CA,2,7868
3060,66,CA,3,7315
3061,62,CA,3,7688
3062,17,CA,1,11066
3063,51,CA,19,75595
3064,78,CA,1,3444
3065,58,CA,4,7569
3066,38,CA,3,7614
3067,69,CA,5,13537
3068,84,CA,8,37410
3069,46,CA,5,20439
3070,59,CA,4,13672
3071,49,CA,1,1551
3072,74,CA,4,13143
3073,65,CA,1,6513
3074,65,CA,32,223806
3075,39,CA,2,6909
3076,64,CA,6,24050
3077,51,CA,12,65233
3078,53,CA,8,43108
3079,87,CA,2,7429
3080,49,CA,4,15399
3081,42,CA,6,19079
3082,51,CA,2,13052
3083,63,CA,3,21030
3084,52,CA,5,11927
3085,75,CA,4,12569
3086,64,CA,5,30177
3087,85,CA,5,16379
3088,58,CA,5,8230
3089,38,CA,3,8907
3090,52,CA,5,17131
3091,49,CA,0,1625
3092,71,CA,8,38386
3093,76,CA,34,284919
3094,49,CA,6,10939
3095,77,CA,7,25975
3096,69,CA,3,6981
3097,76,CA,6,12946
3098,65,CA,4,14576
3099,78,CA,2,9874
3100,56,CA,4,20998
3101,80,CA,4,20764
3102,48,CA,3,7937
3103,67,CA,2,7476
3104,56,CA,6,19752
3105,71,CA,2,6959
3106,64,CA,20,108711
3107,50,CA,2,5781
3108,55,CA,5,17552
3109,49,CA,4,12625
3110,67,CA,4,13789
3111,63,CA,3,12445
3112,,CA,3,6487
3113,35,CA,2,3648
3114,48,CA,5,20608
3115,74,CA,3,8469
3116,72,CA,5,18484
3117,51,CA,4,25635
3118,65,CA,9,41589
3119,69,CA,4,11059
3120,59,CA,3,11939
3121,47,CA,2,10280
3122,78,CA,4,22902
3123,84,CA,6,61768
3124,80,CA,4,15463
3125,80,CA,2,7838
3126,51,CA,25,148635
3127,62,CA,10,65956
3128,76,CA,3,47239
3129,91,CA,2,14683
3130,71,CA,3,32611
3131,50,CA,12,74253
3132,48,CA,7,31420
3133,65,CA,5,22413
3134,77,CA,10,68779
3135,78,CA,6,28546
3136,54,CA,3,11595
3137,70,CA,3,24080
3138,74,CA,5,31273
3139,36,CA,4,31178
3140,62,CA,2,13007
3141,80,CA,6,31763
3142,82,CA,4,24056
3143,78,CA,6,40081
3144,52,CA,4,12127
3145,49,CA,3,14390
3146,78,CA,7,9875
3147,38,CA,15,73303
3148,49,CA,3,23530
3149,66,CA,9,28212
3150,61,CA,7,51600
3151,52,CA,2,4123
3152,48,CA,5,18429
3153,32,CA,1,7580
3154,83,CA,3,11017
3155,81,CA,3,7221
3156,55,CA,12,26419
3157,51,CA,10,33098
3158,78,CA,7,42258
3159,55,CA,4,13009
3160,83,CA,13,101866
3161,48,CA,2,11670
3162,74,CA,6,31372
3163,80,CA,7,33981
3164,88,CA,4,20355
3165,74,CA,3,12609
3166,81,CA,13,95967
3167,76,CA,1,10095
3168,83,CA,4,13834
3169,59,CA,8,65644
3170,82,CA,4,26500
3171,78,CA,6,32692
3172,68,CA,7,43042
3173,23,CA,5,36547
3174,57,CA,6,29085
3175,19,CA,2,6968
3176,73,CA,1,20361
3177,85,CA,13,90780
3178,75,CA,5,29903
3179,67,CA,6,15396
3180,76,CA,12,106192
3181,62,CA,14,119384
3182,78,CA,4,32573
3183,63,CA,2,11598
3184,74,CA,7,27887
3185,55,CA,26,83359
3186,63,CA,10,23077
3187,48,CA,9,35323
3188,26,CA,1,7014
3189,63,CA,5,25765
3190,20,CA,2,26560
3191,63,CA,3,17326
3192,62,CA,3,21130
3193,65,CA,9,62406
3194,28,CA,6,38631
3195,20,CA,1,14452
3196,63,CA,10,17366
3197,68,CA,7,28685
3198,79,CA,5,17250
3199,94,CA,3,13484
3200,20,CA,3,29779
3201,83,CA,1,3069
3202,20,CA,1,14853
3203,28,CA,4,13875
3204,52,CA,10,65877
3205,46,CA,4,16259
3206,79,CA,3,14277
3207,61,CA,4,17423
3208,20,CA,3,24943
3209,46,CA,5,3494
3210,72,CA,7,22047
3211,52,CA,6,6780
3212,73,CA,3,22863
3213,50,CA,3,9982
3214,20,CA,3,35321
3215,75,CA,3,23106
3216,63,CA,5,27189
3217,39,CA,7,36530
3218,94,CA,4,15210
3219,71,CA,13,67117
3220,76,CA,1,7967
3221,52,CA,3,16964
3222,54,CA,5,28761
3223,65,CA,5,30501
3224,20,CA,2,16946
3225,54,CA,4,20290
3226,84,CA,3,27353
3227,66,CA,4,17886
3228,72,CA,3,25667
3229,66,CA,8,9868
3230,47,CA,1,30773
3231,73,CA,3,27324
3232,62,CA,4,25440
3233,66,CA,3,26962
3234,43,CA,32,165290
3235,65,CA,8,42834
3236,69,CA,5,26562
3237,31,CA,8,77579
3238,76,CA,11,63567
3239,35,CA,2,10290
